player_name,nationality,goals_scored,assists_provided,dribbles_per_90,interceptions_per_90,tackles_per_90,total_duels_won_per_90,save_percentage,clean_sheets
Aaron Long,USA,,,,,,,,
Aaron Mooy,Australia,0.0,0.0,0.75,0.5,2.25,4.0,,
Aaron Ramsdale,England,,,,,,,,
Aaron Ramsey,Wales,0.0,0.0,2.36,0.0,0.67,2.36,,
Abde Ezzalzouli,Morocco ,0.0,0.0,,,,,,
Abdelhamid Sabiri,Morocco ,1.0,0.0,1.5,2.5,1.5,4.0,,
Abdelkarim Hassan,Qatar,,,,,,,,
Abderrazak Hamdallah,Morocco ,0.0,0.0,4.22,0.0,1.41,,,
Abdou Diallo,Senegal,0.0,0.0,0.0,0.27,0.54,4.34,,
Abdul-Rahman Baba,Ghana,0.0,0.0,1.98,0.49,2.47,6.93,,
Abdulaziz Hatem,Qatar,0.0,0.0,0.0,0.46,0.46,1.84,,
Abdulelah Al-Amri,Saudi Arabia,0.0,0.0,0.0,1.98,0.49,,,
Abdulellah Al-Malki,Saudi Arabia,0.0,0.0,0.0,1.54,2.06,4.11,,
Abdullah Madu,Saudi Arabia,0.0,0.0,0.0,2.05,2.05,6.14,,
Abdullah Otayf,Saudi Arabia,,,,,,,,
Abdulrahman Al-Aboud,Saudi Arabia,0.0,0.0,0.66,0.0,,,,
Abolfazi Jalali,Iran,0.0,0.0,1.0,0.0,0.0,0.0,,
Achraf Dari,Morocco ,1.0,0.0,0.0,2.89,0.48,5.78,,
Achraf Hakimi,Morocco ,0.0,1.0,1.56,1.28,3.84,7.39,,
Adam Davies,Wales,,,,,,,,
Adrien Rabiot,France,1.0,1.0,0.75,1.86,2.24,8.95,,
Agustin Canobbio,Uruguay,,,,,,,,
Ahmad Nourollahi,Iran,0.0,0.0,0.8,2.4,2.0,3.2,,
Ahmed Alaaeldin,Qatar,0.0,0.0,0.0,0.0,0.0,0.0,,
Ahmed Reda Tagnaouti,Morocco ,,,,,,,0.0,0.0
Aissa Laidouni,Tunisia,0.0,1.0,1.1,1.1,1.1,1.47,,
Ajdin Hrustic,Australia,0.0,0.0,6.1,1.53,1.53,6.1,,
Akram Afif,Qatar,0.0,0.0,1.67,0.0,0.0,3.33,,
Alan Franco,Ecuador ,,,,,,,,
Alejandro Balde,Spain,0.0,0.0,0.0,0.0,4.35,5.08,,
Alejandro Gomez,Argentina,0.0,0.0,0.83,0.83,1.65,8.26,,
Aleksandr Mitrovic,Serbia,2.0,0.0,0.34,0.0,0.34,4.45,,
Alex Sandro,Brazil,0.0,0.0,0.95,1.42,3.79,7.11,,
Alex Telles,Brazil,0.0,0.0,0.0,0.0,3.1,6.21,,
Alexander Bah,Denmark,0.0,0.0,0.5,4.06,,,,
Alexander Djiku,Ghana,0.0,0.0,0.0,0.93,0.93,6.5,,
Alexander Dominguez,Ecuador ,,,,,,,,
Alexis Mac Allister,Argentina,1.0,1.0,0.97,0.49,1.46,5.85,,
Alexis Vega,Mexico ,0.0,0.0,1.38,0.46,0.0,4.13,,
Alfred Gomis,Senegal,,,,,,,,
Alfredo Talavera,Mexico ,,,,,,,,
Ali Abdi,Tunisia,,,,,,,,
Ali Al-Bulaihi,Saudi Arabia,0.0,0.0,0.0,1.24,1.66,4.56,,
Ali Al-Hassan,Saudi Arabia,0.0,0.0,0.0,0.0,0.0,,,
Ali Assadalla,Qatar,,,,,,,,
Ali Gholizadeh,Iran,0.0,1.0,3.18,1.36,0.0,1.82,,
Ali Karimi,Iran,0.0,0.0,0.0,2.76,2.76,9.19,,
Ali Maaloul,Tunisia,0.0,0.0,0.0,0.0,1.0,1.0,,
Alidu Seidu,Ghana,0.0,0.0,2.31,0.0,3.46,9.81,,
Alireza Beiranvand,Iran,,,,,,,,
Alireza Jahanbakhsh,Iran,0.0,0.0,1.53,1.53,1.53,3.05,,
Alisson,Brazil,,,,,,,,
Alistair Johnson,Canada,0.0,0.0,0.33,0.67,1.33,4.67,,
Almoez Ali,Qatar,0.0,0.0,1.19,0.4,0.4,3.19,,
Alphonse Areola,France,,,,,,,,
Alphonso Davies,Canada,1.0,0.0,6.0,1.0,0.67,6.67,,
Alvaro Morata,Spain,3.0,1.0,1.48,0.0,0.49,2.95,,
Alvaro Zamora,Costa Rica,,,,,,,,
Amir Absedzadeh,Iran,,,,,,,,
Anass Zaroury,Morocco ,0.0,0.0,,,,,,
Andre Ayew,Ghana,1.0,0.0,0.45,0.0,1.79,7.61,,
Andre Onana,Cameroon,,,,,,,,
Andre Silva,Portugal,0.0,0.0,0.0,0.0,0.0,7.2,,
Andre-Frank Zambo Anguissa,Cameroon,0.0,0.0,1.38,1.72,1.38,6.55,,
Andreas Christensen,Denmark,1.0,0.0,0.0,1.33,1.67,6.0,,
Andreas Cornelius,Denmark,0.0,0.0,0.98,0.0,0.0,,,
Andreas Skov Olsen,Denmark,0.0,0.0,1.34,0.0,0.0,2.01,,
Andrej Kramaric,Croatia,2.0,0.0,1.31,0.0,0.56,2.06,,
Andres Guardado,Mexico ,0.0,0.0,0.0,0.0,8.57,8.57,,
Andrew Redmayne,Australia,,,,,,,,
Andries Noppert,Netherlands ,,,,,,,,
Andrija Zivkovic,Serbia,0.0,2.0,0.42,1.27,2.11,5.5,,
Angel Correa,Argentina,0.0,0.0,0.0,0.0,,,,
Angel Di Maria,Argentina,1.0,1.0,6.83,0.31,0.93,7.14,,
Angel Mena,Ecuador ,,,,,,,,
Angelo Preciado,Ecuador ,0.0,1.0,0.34,1.7,2.38,5.1,,
Anis Ben Slimane,Tunisia,0.0,0.0,0.6,0.6,1.8,9.0,,
Ansu Fati,Spain,0.0,0.0,4.09,0.0,2.05,6.14,,
Ante Budimir,Croatia,0.0,0.0,0.0,0.0,1.67,,,
Anthony Contreras,Costa Rica,0.0,0.0,0.0,0.71,3.57,11.43,,
Anthony Hernandez,Costa Rica,,,,,,,,
Antoine Griezmann,France,0.0,3.0,1.51,1.34,2.34,6.19,,
Antoine Semenyo,Ghana,0.0,0.0,0.0,0.0,0.0,10.0,,
Antonee Robinson,USA,0.0,0.0,1.25,1.75,1.5,5.5,,
Antonio Rudiger,Germany,0.0,0.0,0.0,0.0,0.67,5.67,,
Antonio Silva,Portugal,0.0,0.0,0.0,1.0,1.0,5.0,,
Antony,Brazil,0.0,0.0,6.84,0.53,1.58,6.85,,
Ao Tanaka,Japan,1.0,0.0,0.0,1.57,1.57,5.23,,
Ardon Jashari,Switzerland,,,,,,,,
Arkadiusz Milik,Poland ,0.0,0.0,0.0,0.0,0.0,9.0,,
Armel Bella-Kotchap,Germany,,,,,,,,
Arthur Theate,Belgium,,,,,,,,
Artur Jedrzejczyk,Poland ,0.0,0.0,0.0,0.0,0.0,0.0,,
Assim Madibo,Qatar,,,,,,,,
Atiba Hutchinson,Canada,0.0,0.0,0.56,0.56,2.25,9.56,,
Aurelien Tchouaméni,France,1.0,0.0,0.72,2.02,1.59,4.91,,
Awer Mabil,Australia,0.0,0.0,4.09,4.09,0.0,0.0,,
Axel Disasi,France,0.0,0.0,2.0,2.0,4.0,14.0,,
Axel Witsel,Belgium,0.0,0.0,0.0,1.33,1.33,5.66,,
Ayase Ueda,Japan,,,,,,,,
Aymen Dahmen,Tunisia,,,,,,,,
Aymeric Laporte,Spain,0.0,0.0,0.0,0.6,0.6,4.2,,
Ayrton Preciado,Ecuador ,,,,,,,,
Aziz Behic,Australia,0.0,0.0,3.0,0.75,2.0,5.5,,
Azzedine Ounahi,Morocco ,0.0,0.0,1.89,0.95,1.26,5.21,,
Badr Benoun,Morocco ,0.0,0.0,0.0,1.76,0.0,0.0,,
Bailey Wright,Australia,0.0,0.0,0.0,0.0,0.0,11.24,,
Balbouli,Tunisia,,,,,,,,
Bamba Dieng,Senegal,1.0,0.0,,,,,,
Bartosz Bereszynski,Poland ,0.0,0.0,1.84,0.79,1.58,5.0,,
Bechir Ben Saïd,Tunisia,,,,,,,,
Ben Cabango,Wales,,,,,,,,
Ben Davies,Wales,0.0,0.0,1.13,0.38,1.51,8.67,,
Benjamin Pavard,France,0.0,0.0,0.0,1.01,0.0,0.0,,
Bernardo Silva,Portugal,0.0,0.0,0.5,0.5,0.5,1.76,,
Bilal El Khannous,Morocco ,0.0,0.0,0.0,0.0,0.0,1.61,,
Bilel Ifa,Tunisia,,,,,,,,
Borna Barisic,Croatia,0.0,0.0,0.0,0.0,0.75,11.25,,
Borna Sosa,Croatia,0.0,0.0,0.85,0.42,2.96,5.5,,
Boualem Khoukhi,Qatar,0.0,0.0,0.33,1.0,0.67,2.33,,
Boulaye Dia,Senegal,1.0,0.0,0.56,0.28,0.28,4.76,,
Brandon Aguilera,Costa Rica,0.0,0.0,,,,,,
Breel Embolo,Switzerland,2.0,0.0,1.38,0.0,0.28,4.68,,
Bremer,Brazil,0.0,0.0,0.0,0.83,0.83,9.17,,
Brenden Aaronson,USA,0.0,0.0,6.06,0.87,2.6,6.92,,
Brennan Johnson,Wales,0.0,0.0,4.0,0.0,0.0,0.0,,
Bruno Fernandes,Portugal,2.0,3.0,0.76,0.5,0.76,4.28,,
Bruno Guimaraes,Brazil,0.0,0.0,2.5,0.0,0.0,5.0,,
Bruno Petkovic,Croatia,1.0,0.0,1.17,0.0,2.35,14.48,,
Bryan Mbeumo,Cameroon,,,,,,,,
Bryan Oviedo,Costa Rica,,,,,,,,
Bryan Ruiz,Costa Rica,,,,,,,,
Bukayo Saka,England,3.0,0.0,2.47,0.62,2.16,5.24,,
Callum Wilson,England,0.0,1.0,0.0,0.0,0.0,0.0,,
Cameron Carter-Vickers,USA,0.0,0.0,0.0,0.0,0.0,9.0,,
Cameron Devlin,Australia,,,,,,,,
Carlos Gruezo,Ecuador ,0.0,0.0,0.0,0.0,3.91,3.91,,
Carlos Martinez,Costa Rica,0.0,0.0,0.0,1.96,1.96,5.87,,
Carlos Rodriguez,Mexico ,0.0,0.0,2.0,0.0,0.0,8.44,,
Carlos Soler,Spain,1.0,0.0,1.0,0.0,0.0,2.0,,
Casemiro,Brazil,1.0,0.0,0.46,1.38,2.54,4.84,,
Celso Borges,Costa Rica,0.0,0.0,0.72,1.79,1.79,6.81,,
Cesar Azpilicueta,Spain,0.0,1.0,0.0,0.66,0.66,3.31,,
Cesar Montes,Mexico ,0.0,1.0,0.67,0.67,2.0,7.33,,
Charles De Ketelaere,Belgium,0.0,0.0,,,,,,
Cho Gue-sung,South Korea,,,,,,,,
Cho Yu-min,South Korea,0.0,0.0,,,,,,
Chris Gunter,Wales,,,,,,,,
Chris Mepham,Wales,0.0,0.0,0.0,0.33,2.33,7.33,,
Christian Bassogog,Cameroon,0.0,0.0,4.0,3.91,0.0,,,
Christian Eriksen,Denmark,0.0,0.0,1.33,0.33,0.33,0.67,,
Christian Fassnacht,Switzerland,0.0,0.0,,0.0,0.0,,,
Christian Gunter,Germany,,,,,,,,
Christian Norgaard,Denmark,0.0,0.0,,,,,,
Christian Pulisic,USA,1.0,2.0,1.99,0.0,0.57,5.7,,
Christopher Wooh,Cameroon,0.0,0.0,0.0,1.0,2.0,2.0,,
Cody Gakpo,Netherlands ,3.0,0.0,1.78,0.59,1.59,5.35,,
Collins Fai,Cameroon,0.0,0.0,0.33,1.33,1.0,3.1,,
Connor Roberts,Wales,0.0,0.0,0.0,0.45,1.34,2.69,,
Conor Coady,England,,,,,,,,
Conor Gallagher,England,,,,,,,,
Craig Goodwin,Australia,1.0,0.0,0.0,0.0,1.52,3.04,,
Cristian Roldan,USA,,,,,,,,
Cristian Romero,Argentina,0.0,0.0,0.16,0.49,0.82,5.09,,
Cristiano Ronaldo,Portugal,1.0,0.0,0.62,0.0,0.0,6.49,,
Cyle Larin,Canada,0.0,0.0,1.33,0.0,0.0,1.95,,
Daichi Kamada,Japan,0.0,0.0,1.11,0.0,1.94,4.72,,
Daizen Maeda,Japan,1.0,0.0,0.0,1.48,1.48,3.9,,
Daley Blind,Netherlands ,1.0,1.0,0.42,1.06,2.76,4.88,,
Damian Szymanski,Poland ,0.0,0.0,0.0,3.21,0.0,0.0,,
Dan James,Wales,0.0,0.0,0.58,0.58,0.58,1.73,,
Dani Alves,Brazil,0.0,0.0,0.77,1.54,3.85,7.69,,
Dani Carvajal,Spain,0.0,0.0,0.0,1.34,0.67,1.34,,
Dani Olmo,Spain,1.0,1.0,3.91,0.24,1.22,3.42,,
Daniel Amartey,Ghana,0.0,0.0,0.33,1.0,2.0,6.0,,
Daniel Barnieh Afriyie,Ghana,,,,,,,,
Daniel Chacon,Costa Rica,,,,,,,,
Daniel Kofi Kyereh,Ghana,0.0,0.0,2.0,0.0,6.0,,,
Daniel Schmidt,Japan,,,,,,,,
Daniel Wass,Denmark,,,,,,,,
Danilo,Brazil,0.0,0.0,0.0,0.96,1.6,4.47,,
Danilo Pereira,Portugal,0.0,0.0,1.0,3.0,1.0,14.0,,
Danlad Ibrahim,Ghana,,,,,,,,
Danny Vukovic,Australia,,,,,,,,
Danny Ward,Wales,,,,,,,,
Darko Lazovic,Serbia,0.0,0.0,0.0,0.0,0.0,3.75,,
Darwin Nunez,Uruguay,0.0,0.0,0.74,0.0,1.12,5.95,,
David Raum,Germany,0.0,1.0,1.11,2.58,1.84,7.37,,
David Raya,Spain,,,,,,,,
David Wotherspoon,Canada,0.0,0.0,1.0,0.0,0.0,,,
Davis Epassy,Cameroon,,,,,,,,
Davy Klaassen,Netherlands ,1.0,2.0,0.47,0.47,1.41,3.75,,
Dayne St Clair,Canada,,,,,,,,
Dayot Upamecano,France,0.0,0.0,0.0,1.12,2.06,5.25,,
DeAndre Yedlin,USA,0.0,0.0,0.0,0.0,5.81,11.61,,
Declan Rice,England,0.0,0.0,0.43,2.37,1.29,3.02,,
Dejan Lovren,Croatia,0.0,1.0,0.0,1.38,0.9,6.34,,
Denis Odoi,Ghana,0.0,0.0,0.58,0.0,7.5,7.5,,
Denis Zakaria,Switzerland,0.0,0.0,1.58,4.74,0.0,6.32,,
Denzel Dumfries,Netherlands ,1.0,2.0,1.12,1.31,1.5,6.19,,
Derek Cornelius,Canada,,,,,,,,
Diego Godin,Uruguay,,,,,,,,
Diego Palacios,Ecuador ,,,,,,,,
Diogo Costa,Portugal,,,,,,,,
Diogo Dalot,Portugal,0.0,1.0,0.69,0.69,2.78,7.64,,
Djibril Sow,Switzerland,0.0,1.0,0.33,0.33,0.66,3.65,,
Djorkaeff Reasco,Ecuador ,0.0,0.0,0.0,0.0,0.0,0.0,,
Domagoj Vida,Croatia,,,,,,,,
Dominik Livakovic,Croatia,,,,,,0.26,,
Douglas Lopez,Costa Rica,,,,,,,,
Dries Mertens,Belgium,0.0,0.0,1.18,0.0,2.37,3.55,,
Dusan Tadic,Serbia,0.0,2.0,2.09,0.35,1.4,3.84,,
Dusan Vlahovic,Serbia,1.0,0.0,1.14,0.0,1.14,7.98,,
Dylan Bronn,Tunisia,0.0,0.0,0.0,0.0,1.66,4.41,,
Dylan Levitt,Wales,,,,,,,,
Eden Hazard,Belgium,0.0,0.0,5.04,0.72,0.0,9.36,,
Eder Militao,Brazil,0.0,0.0,0.0,0.77,1.55,4.38,,
Ederson,Brazil,,,,,,,,
Edimilson Fernandes,Switzerland,0.0,0.0,1.26,1.26,1.26,2.52,,
Edinson Cavani,Uruguay,0.0,0.0,0.0,0.0,0.0,1.48,,
Edouard Mendy,Senegal,,,,,,,,
Edson Alvarez,Mexico ,0.0,0.0,0.51,2.05,1.02,13.29,,
Eduardo Camavinga,France,0.0,0.0,1.94,1.94,9.06,17.48,,
Ehsan Hajsafi,Iran,0.0,0.0,0.76,0.76,3.03,5.68,,
Eiji Kawashima,Japan,,,,,,,,
Elisha Owusu,Ghana,,,,,,,,
Ellyes Skhiri,Tunisia,0.0,0.0,0.67,2.33,3.33,5.0,,
Emiliano Martinez,Argentina,0.0,0.0,0.0,0.0,0.0,0.65,,
Enner Valencia,Ecuador ,3.0,0.0,2.1,0.35,0.7,5.25,,
Enzo Ebosse,Cameroon,0.0,0.0,0.0,0.0,4.0,,,
Enzo Fernandez,Argentina,1.0,1.0,0.8,0.48,3.52,7.83,,
Eray Comert,Switzerland,0.0,0.0,0.0,4.09,0.0,2.05,,
Eric Dier,England,0.0,0.0,0.0,0.0,2.65,7.94,,
Eric Garcia,Spain,0.0,0.0,,,,,,
Eric Maxim Choupo-Moting,Cameroon,1.0,0.0,2.48,0.35,1.42,10.63,,
Erick Gutierrez,Mexico ,0.0,0.0,0.0,3.75,1.88,,,
Esteban Alvarado,Costa Rica,,,,,,,,
Ethan Ampadu,Wales,0.0,0.0,0.7,1.4,1.4,4.9,,
Everton Ribeiro,Brazil,0.0,0.0,2.5,0.0,2.5,2.5,,
Exequiel Palacios,Argentina,0.0,0.0,0.0,3.83,1.91,7.66,,
Fabian Frei,Switzerland,0.0,0.0,0.0,4.09,4.09,4.09,,
Fabian Rieder,Switzerland,0.0,0.0,1.34,0.0,4.03,8.06,,
Fabian Schar,Switzerland,0.0,0.0,0.0,1.32,1.32,7.94,,
Fabinho,Brazil,0.0,0.0,0.0,1.0,3.0,5.0,,
Facundo Pellistri,Uruguay,0.0,0.0,2.97,0.0,0.99,1.98,,
Facundo Torres,Uruguay,,,,,,,,
Famara Diedhiou,Senegal,1.0,0.0,0.98,0.0,0.0,11.74,,
Federico Valverde,Uruguay,0.0,0.0,1.0,1.67,1.67,3.33,,
Felix Torres,Ecuador ,0.0,1.0,0.33,1.33,0.67,6.67,,
Ferjani Sassi,Tunisia,0.0,0.0,1.0,1.96,3.91,,,
Fernando Muslera,Uruguay,,,,,,,,
Ferran Torres,Spain,2.0,0.0,4.52,0.0,0.0,2.88,,
Filip Duricic,Serbia,0.0,0.0,0.0,0.0,0.0,,,
Filip Kostic,Serbia,0.0,0.0,1.0,0.0,3.0,3.5,,
Filip Mladenovic,Serbia,0.0,0.0,2.73,0.0,0.0,2.72,,
Firas Al-Buraikan,Saudi Arabia,0.0,1.0,1.67,0.67,1.0,6.36,,
Fode Ballo-Toure,Senegal,0.0,0.0,0.0,0.0,0.0,,,
Formose Mendy,Senegal,,,,,,,,
Fran Karacic,Australia,0.0,0.0,0.0,1.91,2.87,10.53,,
Franco Armani,Argentina,,,,,,,,
Fred,Brazil,0.0,0.0,0.64,0.0,1.28,3.83,,
Frederik Ronnow,Denmark,,,,,,,,
Frenkie de Jong,Netherlands ,1.0,1.0,1.13,1.13,2.65,7.18,,
Gabriel Jesus,Brazil,0.0,0.0,1.96,1.96,1.96,8.81,,
Gabriel Matinelli,Brazil,0.0,0.0,5.68,0.0,1.62,6.49,,
Gael Ondoua,Cameroon,0.0,0.0,0.0,4.0,4.0,10.0,,
Gaku Shibasaki,Japan,,,,,,,,
Garang Kuol,Australia,0.0,0.0,,,,,,
Gareth Bale,Wales,1.0,0.0,0.8,0.4,0.4,5.97,,
Gavi,Spain,1.0,0.0,0.94,0.31,2.51,8.78,,
Georges-Kevin Nkoudou,Cameroon,0.0,0.0,1.0,0.0,0.0,3.6,,
Gerardo Arteaga,Mexico ,,,,,,,,
German Pezzella,Argentina,0.0,0.0,0.0,0.0,0.0,3.16,,
Geronimo Rulli,Argentina,,,,,,,,
Gerson Torres,Costa Rica,0.0,0.0,0.0,0.0,0.0,11.08,,
Ghailene Chaalali,Tunisia,,,,,,,,
Gideon Mensah,Ghana,0.0,0.0,0.0,2.05,1.02,9.2,,
Gio Reyna,USA,0.0,0.0,0.0,0.0,0.0,10.59,,
Giorgian de Arrascaeta,Uruguay,,,,,,,,
Goncalo Ramos,Portugal,3.0,1.0,1.18,0.0,0.59,7.11,,
Gonzalo Montiel,Argentina,0.0,0.0,0.77,0.77,2.31,5.39,,
Gonzalo Plata,Ecuador ,0.0,0.0,4.0,0.67,1.0,7.67,,
Granit Xhaka,Switzerland,0.0,0.0,0.25,0.5,1.5,6.25,,
Gregor Kobel,Switzerland,,,,,,,,
Grzegorz Krychowiak,Poland ,0.0,0.0,0.54,1.35,2.43,6.74,,
Guido Rodriguez,Argentina,0.0,0.0,0.0,0.0,3.16,6.32,,
Guillermo Ochoa,Mexico ,,,,,,,,
Guillermo Varela,Uruguay,0.0,0.0,0.99,1.48,1.98,6.92,,
Haitham Asiri,Saudi Arabia,,,,,,,,
Haji Wright,USA,1.0,0.0,0.67,0.0,1.33,10.0,,
Hakim Ziyech,Morocco ,1.0,1.0,3.67,1.27,1.41,4.65,,
Hannibal Mejbri,Tunisia,0.0,0.0,0.0,,,,,
Hans Vanaken,Belgium,,,,,,,,
Haris Seferovic,Switzerland,0.0,0.0,0.0,0.0,0.0,0.0,,
Harry Kane,England,2.0,3.0,1.57,0.0,0.45,6.94,,
Harry Maguire,England,0.0,1.0,0.42,0.84,1.47,8.16,,
Harry Souttar,Australia,0.0,0.0,0.0,1.5,1.0,7.25,,
Harry Wilson,Wales,0.0,0.0,0.0,0.56,2.25,4.5,,
Hassan Al-Haydos,Qatar,0.0,0.0,2.14,0.86,1.29,1.71,,
Hassan Tambakti,Saudi Arabia,0.0,0.0,0.0,1.0,2.0,5.5,,
Hector Herrera,Mexico ,0.0,0.0,0.0,0.33,0.67,5.0,,
Hector Moreno,Mexico ,0.0,0.0,0.0,0.33,0.67,5.0,,
Henry Martin,Mexico ,1.0,0.0,0.0,1.82,0.61,6.08,,
Hernan Galindez,Ecuador ,,,,,,,,
Hidemasa Morita,Japan,0.0,0.0,1.26,0.63,0.0,3.46,,
Hiroki Ito,Japan,0.0,0.0,0.0,0.0,0.0,4.1,,
Hiroki Sakai,Japan,0.0,0.0,1.5,0.75,3.75,9.0,,
Hirving Lozano,Mexico ,0.0,0.0,2.49,0.0,2.49,8.54,,
Homam Ahmed,Qatar,,,,,,,,
Hong Chul,South Korea,0.0,0.0,2.05,2.05,0.0,4.05,,
Hossein Hosseini,Iran,,,,,,,,
Hossein Kanaani,Iran,0.0,0.0,0.0,2.05,0.0,2.05,,
Hugo Guillamon,Spain,1.0,0.0,,,,,,
Hugo Lloris,France,,,,,,1.1,,
Hwang Hee-chan,South Korea,1.0,0.0,7.11,0.0,0.79,5.53,,
Hwang In-beom,South Korea,0.0,0.0,1.07,0.81,1.07,2.96,,
Hwang Ui-jo,South Korea,0.0,0.0,0.86,0.0,0.0,2.57,,
Ibrahima Konate,France,0.0,0.0,0.0,2.16,4.62,8.94,,
Ike Ugbo,Canada,,,,,,,,
Ilias Chair,Morocco ,0.0,0.0,2.05,0.0,2.05,2.05,,
Iliman Ndiaye,Senegal,0.0,1.0,4.6,0.66,0.0,3.94,,
Ilkay Gundogan,Germany,1.0,0.0,0.94,0.47,1.41,6.1,,
Inaki Williams,Ghana,0.0,1.0,36.0,0.0,1.07,3.57,,
Ismaeel Mohammada,Qatar,,,,,,,,
Ismael Kone,Canada,0.0,0.0,0.0,0.0,0.0,0.86,,
Ismail Jakobs,Senegal,0.0,1.0,0.32,1.29,0.0,7.39,,
Ismalia Sarr,Senegal,1.0,0.0,3.4,0.52,0.78,11.77,,
Issahaku Abdul Fatawu,Ghana,,,,,,,,
Issam Jebali,Tunisia,0.0,0.0,0.98,0.0,1.48,4.91,,
Ivan Ilic,Serbia,0.0,0.0,0.0,2.73,0.0,5.46,,
Ivan Perisic,Croatia,1.0,3.0,1.61,0.94,0.8,6.03,,
Ivica Ivusic,Croatia,,,,,,,,
Ivo Grbic,Croatia,,,,,,,,
Jack Grealish,England,1.0,0.0,5.49,3.29,3.29,17.56,,
Jackson Irvine,Australia,0.0,0.0,0.51,0.51,1.01,6.08,,
Jackson Porozo,Ecuador ,0.0,0.0,0.0,2.84,1.89,5.69,,
Jakub Kaminski,Poland ,0.0,0.0,1.55,0.0,2.33,3.88,,
Jakub Kiwior,Poland ,0.0,0.0,0.0,0.76,0.5,2.02,,
Jamal Musiala,Germany,0.0,1.0,10.08,0.35,0.35,9.04,,
James Maddison,England,,,,,,,,
James Paternis,Canada,,,,,,,,
Jamie Maclaren,Australia,0.0,0.0,0.0,1.7,0.0,3.4,,
Jan Bednarek,Poland ,0.0,0.0,0.0,0.0,0.0,0.0,,
Jan Vertonghen,Belgium,0.0,0.0,0.0,1.67,0.0,9.34,,
Jason Cummings,Australia,0.0,0.0,2.65,0.0,0.0,0.0,,
Jassem Gaber,Qatar,,,,,,,,
Jawad El Yamiq,Morocco ,0.0,0.0,0.0,1.46,1.17,5.26,,
Jean Charles Castelletto,Cameroon,1.0,1.0,0.0,3.0,1.5,6.0,,
Jean-Pierre Nsame,Cameroon,,,,,,,,
Jens Stryger Larsen,Denmark,,,,,,,,
Jeong Woo-yeong,South Korea,0.0,0.0,1.96,0.0,0.0,0.0,,
Jeremie Frimpong,Netherlands ,,,,,,,,
Jeremy Doku,Belgium,,,,,,,,
Jeremy Sarmiento,Ecuador ,0.0,0.0,,,,,,
Jerome Ngom,Cameroon,,,,,,,,
Jesper Lindstrom,Denmark,0.0,0.0,5.4,0.0,0.45,4.95,,
Jesus Gallardo,Mexico ,0.0,0.0,1.33,0.33,3.0,5.0,,
Jesús Ferreira,USA,0.0,0.0,1.96,0.0,1.96,5.87,,
Jewison Bennette,Costa Rica,0.0,0.0,3.53,0.0,0.0,2.65,,
Jhegson Mendez,Ecuador ,,,,,,,,
Jo Hyeon-woon,South Korea,,,,,,,,
Joachim Andersen,Denmark,0.0,1.0,,,,,,
Joakim Maehle,Denmark,0.0,0.0,3.25,0.72,3.25,5.42,,
Joao Cancelo,Portugal,0.0,0.0,2.62,0.58,2.04,10.19,,
Joao Felix,Portugal,1.0,2.0,2.16,1.08,0.54,5.13,,
Joao Mario,Portugal,0.0,0.0,1.08,0.0,2.17,2.17,,
Joao Palhinha,Portugal,0.0,0.0,2.57,2.57,5.14,5.14,,
Joe Allen,Wales,0.0,0.0,0.0,0.96,0.96,2.87,,
Joe Morrell,Wales,0.0,0.0,0.0,2.9,,,,
Joe Rodon,Wales,0.0,0.0,0.0,1.33,0.67,2.0,,
Joe Scally,USA,,,,,,,,
Joel Campbell,Costa Rica,0.0,0.0,3.0,0.0,3.0,12.0,,
Joel King,Australia,,,,,,,,
Joel Waterman,Canada,,,,,,,,
Johan Vasquez,Mexico ,,,,,,,,
Johan Venegas,Costa Rica,0.0,0.0,1.22,0.0,0.0,1.22,,
John Stones,England,0.0,0.0,0.21,0.21,0.41,3.3,,
Jonas Hofmann,Germany,0.0,0.0,3.21,0.0,0.0,0.0,,
Jonas Omlin,Switzerland,,,,,,,,
Jonas Wind,Denmark,,,,,,,,
Jonathan David,Canada,0.0,0.0,1.41,0.0,0.47,1.88,,
Jonathan Osorio,Canada,,,,,,,,
Jonny Williams,Wales,,,,,,,,
Jordan Ayew,Ghana,0.0,1.0,2.63,0.66,1.97,5.91,,
Jordan Henderson,England,1.0,0.0,0.0,0.33,1.32,3.96,,
Jordan Morris,USA,0.0,0.0,0.0,0.0,0.0,0.0,,
Jordan Pickford,England,,,,,,,,
Jordan Veretout,France,0.0,0.0,0.0,0.0,2.86,2.86,,
Jordi Alba,Spain,0.0,2.0,1.02,1.02,2.37,4.74,,
Jorge Sanchez,Mexico ,0.0,0.0,2.56,1.02,0.51,4.7,,
Jose Cifuentes,Ecuador ,,,,,,,,
Jose Luis Rodriguez,Uruguay,,,,,,,,
Jose Maria Gimenez,Uruguay,0.0,0.0,0.0,2.33,1.33,7.0,,
Jose Sa,Portugal,,,,,,,,
Joseph Aidoo,Ghana,,,,,,,,
Joshua Kimmich,Germany,0.0,0.0,1.67,1.33,1.67,4.67,,
Josip Juranovic,Croatia,0.0,1.0,0.3,0.3,1.8,3.15,,
Josip Stanisic,Croatia,0.0,0.0,0.0,1.0,3.0,7.0,,
Josip Sutalo,Croatia,0.0,0.0,0.0,0.0,0.0,0.0,,
Josko Gvardiol,Croatia,1.0,0.0,0.13,1.57,1.3,3.0,,
Juan Foyth,Argentina,0.0,0.0,,0.0,0.0,,,
Juan Pablo Vargas,Costa Rica,,,,,,,,
Jude Bellingham,England,1.0,1.0,3.04,1.3,3.26,8.26,,
Jules Kounde,France,0.0,0.0,0.56,1.12,2.06,4.87,,
Julian Alvarez,Argentina,4.0,0.0,0.58,0.0,0.77,1.93,,
Julian Brandt,Germany,,,,,,,,
Jung Woo-young,South Korea,0.0,0.0,0.0,0.59,1.48,5.04,,
Junior Hoilett,Canada,0.0,0.0,1.33,0.56,4.44,8.33,,
Junya Ito,Japan,0.0,1.0,1.95,1.11,1.95,5.58,,
Jurrien Timber,Netherlands ,0.0,0.0,,,,,,
Justin Bijlow,Netherlands ,,,,,,,,
Kai Havertz,Germany,2.0,0.0,0.0,0.87,0.87,0.87,,
Kalidou Koulibaly,Senegal,1.0,0.0,0.0,0.75,3.0,9.25,,
Kalvin Phillips,England,0.0,1.0,0.0,0.0,0.0,0.0,,
Kamal Miller,Canada,0.0,0.0,0.67,1.0,2.0,7.33,,
Kamal Sowah,Ghana,,,,,,,,
Kamaldeen Sulemana,Ghana,,,,,,,,
Kamil Glik,Poland ,0.0,0.0,0.0,0.75,0.5,2.5,,
Kamil Grabara,Poland ,,,,,,,,
Kamil Grosicki,Poland ,0.0,0.0,,0.0,0.0,,,
Kaoru Mitoma,Japan,0.0,1.0,2.8,1.12,3.91,7.83,,
Karim Adeyemi,Germany,,,,,,,,
Karim Ansarifard,Iran,0.0,0.0,0.0,2.57,0.0,0.0,,
Karim Boudiaf,Qatar,0.0,0.0,1.95,0.0,0.97,8.76,,
Karl Toko Ekambi,Cameroon,0.0,0.0,2.16,0.54,0.54,3.77,,
Karol Swiderski,Poland ,0.0,0.0,0.0,3.91,7.83,,,
Kasper Dolberg,Denmark,0.0,0.0,1.59,0.0,0.8,3.19,,
Kasper Schmeichel,Denmark,,,,,,,,
Keanu Baccus,Australia,0.0,0.0,0.0,1.61,0.8,4.82,,
Kellyn Acosta,USA,0.0,0.0,0.0,0.0,6.59,10.98,,
Kendall Waston,Costa Rica,0.0,0.0,0.0,2.01,2.81,6.02,,
Kenneth Taylor,Netherlands ,0.0,0.0,0.0,0.0,0.0,0.0,,
Kevin Alvarez,Mexico ,0.0,0.0,3.86,1.29,1.29,3.86,,
Kevin De Bruyne,Belgium,0.0,0.0,1.67,0.0,0.33,4.33,,
Kevin Rodriguez,Ecuador ,,,,,,,,
Kevin Trapp,Germany,,,,,,,,
Keylor Navas,Costa Rica,,,,,,,,
Keysher Fuller,Costa Rica,1.0,0.0,0.71,0.71,1.77,3.54,,
Khalid Muneer,Qatar,,,,,,,,
Kieffer Moore,Wales,0.0,0.0,0.0,0.8,0.4,10.85,,
Kieran Trippier,England,0.0,0.0,0.88,0.44,2.63,6.59,,
Kim Jin-su,South Korea,0.0,1.0,0.57,0.85,2.85,10.26,,
Kim Min-jae,South Korea,0.0,0.0,0.33,0.67,0.67,7.66,,
Kim Moon-hwan,South Korea,0.0,0.0,1.0,1.0,2.25,5.75,,
Kim Seung-gyu,South Korea,,,,,,,,
Kim Tae-hwan,South Korea,,,,,,,,
Kim Young-gwon,South Korea,1.0,0.0,0.0,0.77,0.77,4.36,,
Kingsley Coman,France,0.0,0.0,4.91,1.64,1.64,8.73,,
Koen Casteels,Belgium,,,,,,,,
Koke,Spain,0.0,0.0,0.0,0.0,1.8,1.8,,
Krepin Diatta,Senegal,0.0,0.0,1.96,0.0,0.0,3.43,,
Kristijan Jakic,Croatia,,,,,,,,
Krystian Bielik,Poland ,0.0,0.0,1.26,1.67,1.26,9.21,,
Krzysztof Piatek,Poland ,0.0,0.0,0.0,0.0,0.0,17.3,,
Kwon Chang-hoon,South Korea,0.0,0.0,,,,,,
Kwon Kyung-won,South Korea,0.0,0.0,0.0,,,,,
Kye Rowles,Australia,0.0,0.0,0.0,1.75,2.25,4.25,,
Kyle Walker,England,0.0,0.0,0.76,0.76,1.14,6.08,,
Kylian Mbappe,France,8.0,2.0,7.24,0.0,0.0,5.12,,
Lautaro Martinez,Argentina,0.0,0.0,1.89,0.38,0.0,6.81,,
Lawrence Ati Zigi,Ghana,,,,,,,,
Leander Dendoncker,Belgium,,,,,,,,
Leandro Paredes,Argentina,0.0,0.0,0.4,1.21,4.02,9.24,,
Leandro Trossard,Belgium,0.0,0.0,3.53,0.0,0.0,1.76,,
Lee Jae-sung,South Korea,0.0,0.0,1.26,1.26,2.1,5.89,,
Lee Kang-in,South Korea,0.0,1.0,0.62,0.0,2.47,5.55,,
Leon Goretzka,Germany,0.0,0.0,0.0,0.57,2.83,7.93,,
Leroy Sane,Germany,0.0,1.0,4.09,0.0,0.82,3.87,,
Liam Fraser,Canada,,,,,,,,
Liam Millar,Canada,0.0,0.0,0.0,0.0,0.0,0.0,,
Lionel Messi,Argentina,7.0,3.0,3.78,0.0,0.65,6.39,,
Lisandro Martinez,Argentina,0.0,0.0,0.3,0.9,1.5,4.19,,
Lois Openda,Belgium,0.0,0.0,1.0,0.0,7.5,,,
Loum Ndiaye,Senegal,,,,,,,,
Lovro Majer,Croatia,1.0,0.0,1.43,0.71,2.14,4.29,,
Luca de la Torre,USA,,,,,,,,
Lucas Cavallini,Canada,0.0,0.0,0.0,0.0,0.0,0.0,,
Lucas Hernandez,France,0.0,0.0,0.0,0.0,6.92,6.92,,
Lucas Paqueta,Brazil,1.0,1.0,0.28,0.61,2.58,8.65,,
Lucas Torreira,Uruguay,,,,,,,,
Luis Chavez,Mexico ,1.0,0.0,1.33,0.0,0.33,7.0,,
Luis Romo,Mexico ,,,,,,,,
Luis Suarez,Uruguay,,,,,,,,
Luka Modric,Croatia,0.0,0.0,1.37,1.23,2.06,5.35,,
Luka Sucic,Croatia,,,,,,,,
Lukas Klostermann,Germany,0.0,0.0,0.0,0.0,4.22,4.22,,
Lukasz Skorupski,Poland ,,,,,,,,
Luke Shaw,England,0.0,1.0,0.42,1.06,0.64,3.18,,
Luuk de Jong,Netherlands ,0.0,0.0,0.0,0.0,3.21,14.46,,
Maarten de Roon,Netherlands ,0.0,0.0,0.0,0.98,3.42,7.34,,
Majid Hosseini,Iran,0.0,0.0,0.0,2.0,2.0,6.33,,
Manaf Nurudeen,Ghana,,,,,,,,
Manuel Akanji,Switzerland,1.0,0.0,0.0,0.75,1.25,6.0,,
Manuel Neuer,Germany,,,,,,,,
Manuel Ugarte,Uruguay,,,,,,,,
Marc-Andre ter Stegen,Germany,,,,,,,,
Marcelo Brozovic,Croatia,0.0,0.0,0.97,0.65,2.11,6.01,,
Marco Asensio,Spain,1.0,0.0,0.78,0.0,0.39,1.56,,
Marco Tilio,Australia,,,,,,,,
Marcos Acuna,Argentina,0.0,0.0,1.45,0.48,2.9,7.97,,
Marcos Llorente,Spain,0.0,0.0,0.0,0.0,0.0,0.0,,
Marcus Rashford,England,3.0,0.0,5.26,0.66,0.66,4.6,,
Marcus Thuram,France,1.0,2.0,5.55,0.0,1.85,18.49,,
Mario Gotze,Germany,0.0,0.0,1.0,0.0,,,,
Mario Pasalic,Croatia,0.0,0.0,1.35,1.01,2.36,7.08,,
Mark Harris,Wales,,,,,,,,
Mark-Anthony Kaye,Canada,0.0,0.0,0.0,0.0,3.0,4.5,,
Marko Dmitrovic,Serbia,,,,,,,,
Marko Grujic,Serbia,0.0,0.0,1.0,0.0,7.5,,,
Marko Livaja,Croatia,1.0,1.0,0.75,0.37,0.37,4.48,,
Marquinhos,Brazil,0.0,0.0,0.21,0.42,1.06,3.39,,
Martin Braithwaite,Denmark,0.0,0.0,1.75,0.0,0.0,2.62,,
Martin Caceres,Uruguay,0.0,0.0,1.0,0.0,0.0,3.0,,
Martin Erlic,Croatia,,,,,,,,
Mason Mount,England,0.0,0.0,1.45,0.0,0.97,6.29,,
Mat Ryan,Australia,,,,,,,,
Mateo Kovacic,Croatia,0.0,0.0,2.39,0.56,3.38,7.31,,
Mateusz Wieteska,Poland ,,,,,,,,
Matheus Nunes,Portugal,0.0,0.0,1.23,0.0,0.0,3.7,,
Mathew Leckie,Australia,1.0,1.0,2.69,0.27,1.07,11.02,,
Mathias Jensen,Denmark,,,,,,,,
Mathias Olivera,Uruguay,0.0,0.0,0.71,0.71,3.18,8.47,,
Matias Vecino,Uruguay,0.0,0.0,0.0,1.37,1.83,4.57,,
Matias Vina,Uruguay,,,,,,,,
Matt Turner,USA,,,,,,,,
Matteo Guendouzi,France,0.0,0.0,0.0,0.0,1.14,4.56,,
Matthew Smith,Wales,,,,,,,,
Matthias Ginter,Germany,,,,,,,,
Matthijs de Ligt,Netherlands ,0.0,0.0,0.0,0.0,0.0,9.0,,
Matty Cash,Poland ,0.0,0.0,0.5,0.0,1.0,2.5,,
Maxi Gomez,Uruguay,0.0,0.0,0.0,0.0,0.0,,,
Maya Yoshida,Japan,0.0,1.0,0.46,0.69,0.92,6.76,,
Mehdi Taremi,Iran,2.0,1.0,1.67,0.67,1.33,6.34,,
Mehdi Torabi,Iran,0.0,0.0,3.05,3.05,1.53,3.05,,
Memphis Depay,Netherlands ,1.0,0.0,3.88,0.0,1.55,6.21,,
Meshaal Barsham,Qatar,,,,,,,,
Michael Estrada,Ecuador ,0.0,0.0,0.79,0.0,0.39,,,
Michal Skoras,Poland ,0.0,0.0,0.0,2.05,0.0,8.19,,
Michel Aebischer,Switzerland,0.0,0.0,0.0,0.0,6.43,,,
Michy Batshuayi,Belgium,1.0,0.0,1.76,0.0,0.59,3.04,,
Miki Yamane,Japan,0.0,0.0,1.45,2.9,1.45,4.35,,
Mikkel Damsgaard,Denmark,0.0,0.0,0.6,0.6,2.42,3.02,,
Milad Mohammadi,Iran,0.0,0.0,0.45,0.45,4.55,7.72,,
Milan Borjan,Canada,,,,,,,,
Milos Degenek,Australia,0.0,0.0,1.49,0.5,2.49,11.93,,
Milos Veljkovic,Serbia,0.0,0.0,0.0,0.0,1.21,2.83,,
Mislav Orsic,Croatia,1.0,2.0,1.71,0.0,1.71,2.28,,
Mitchell Duke,Australia,1.0,0.0,0.66,0.66,0.0,8.58,,
Mohamed Ali Ben Romdhane,Tunisia,0.0,0.0,1.22,0.0,6.08,,,
Mohamed Drager,Tunisia,0.0,0.0,1.34,0.67,3.36,7.38,,
Mohamed Kanno,Saudi Arabia,,,,,,,,
Mohammed Al Yami,Saudi Arabia,,,,,,,,
Mohammed Al-Breik,Saudi Arabia,0.0,0.0,0.0,0.0,1.38,5.53,,
Mohammed Al-Owais,Saudi Arabia,,,,,,,,
Mohammed Kudus,Ghana,2.0,0.0,4.34,0.36,1.81,6.51,,
Mohammed Muntari,Qatar,,,,,,,,
Mohammed Salisu,Ghana,1.0,0.0,0.0,1.0,0.67,6.34,,
Mohammed Waad,Qatar,,,,,,,,
Moises Caicedo,Ecuador ,1.0,0.0,0.0,0.67,2.0,4.33,,
Moises Ramirez,Ecuador ,,,,,,,,
Montassar Talbi,Tunisia,0.0,0.0,0.0,0.33,1.0,7.0,,
Morteza Pouraliganji,Iran,0.0,0.0,0.0,2.0,0.67,7.66,,
Mouez Hassen,Tunisia,,,,,,,,
Moumi Ngamaleu,Cameroon,0.0,0.0,2.84,0.0,2.84,9.47,,
Moussa Ndiaye,Senegal,,,,,,,,
Moustapha Name,Senegal,,,,,,,,
Munir Mohamedi,Morocco ,,,,,,,,
Musab Kheder,Qatar,,,,,,,,
Mustafa Tarek,Qatar,,,,,,,,
Na Sang-ho,South Korea,0.0,0.0,3.05,0.0,3.05,7.63,,
Nader Ghandri,Tunisia,,,,,,,,
Nahuel Molina,Argentina,1.0,1.0,0.32,0.47,1.42,1.58,,
Naif Al-Hadhrami,Qatar,,,,,,,,
Naim Sliti,Tunisia,0.0,0.0,4.78,0.0,2.39,,,
Nampalys Mendy,Senegal,0.0,0.0,0.33,0.99,1.31,2.3,,
Nasser Al-Dawsari,Saudi Arabia,0.0,0.0,0.0,0.0,,,,
Nathan Ake,Netherlands ,0.0,0.0,0.0,1.5,1.12,6.0,,
Nathaniel Atkinson,Australia,0.0,0.0,2.12,1.06,4.24,4.24,,
Nawaf Al-Aqidi,Saudi Arabia,,,,,,,,
Nawaf Alabid,Saudi Arabia,0.0,0.0,0.66,2.09,0.0,6.28,,
Nayef Aguerd,Morocco ,0.0,0.0,0.0,0.76,1.02,3.56,,
Neco Williams,Wales,0.0,0.0,1.32,1.76,2.2,6.59,,
Nemanja Gudelj,Serbia,0.0,0.0,0.0,0.98,1.96,3.91,,
Nemanja Maksimovic,Serbia,0.0,0.0,0.0,2.27,2.27,3.03,,
Nemanja Radonjic,Serbia,0.0,0.0,3.16,0.0,0.0,3.16,,
Nestor Araujo,Mexico ,0.0,0.0,0.0,3.0,1.0,1.0,,
Neymar,Brazil,2.0,1.0,5.81,0.32,0.32,7.1,,
Nick Pope,England,,,,,,,,
Niclas Fullkrug,Germany,2.0,1.0,0.33,0.0,0.0,13.63,,
Nico Elvedi,Switzerland,0.0,0.0,0.0,0.5,1.0,4.5,,
Nico Schlotterbeck,Germany,0.0,0.0,1.94,0.97,3.87,8.71,,
Nico Williams,Spain,0.0,0.0,8.07,0.0,2.48,6.83,,
Nicola Zalewski,Poland ,0.0,0.0,2.77,0.0,5.54,8.31,,
Nicolas Jackson,Senegal,0.0,0.0,,,,,,
Nicolas Otamendi,Argentina,0.0,1.0,0.33,1.17,1.3,7.17,,
Nicolas Tagliafico,Argentina,0.0,0.0,0.48,2.17,1.69,5.07,,
Nicolás de la Cruz,Uruguay,0.0,0.0,0.5,0.0,0.0,5.14,,
Niklas Sule,Germany,0.0,0.0,0.0,0.0,1.67,6.33,,
Nikola Milenkovic,Serbia,0.0,0.0,0.0,1.67,3.33,8.0,,
Nikola Vlasic,Croatia,0.0,0.0,2.18,0.44,0.44,6.11,,
Noa Lang,Netherlands ,0.0,0.0,0.0,12.86,0.0,0.0,,
Noah Okafor,Switzerland,0.0,0.0,2.14,0.0,0.0,2.14,,
Nouhou Tolo,Cameroon,0.0,0.0,1.67,2.0,3.0,6.33,,
Noussair Mazraoui,Morocco ,0.0,0.0,0.98,0.24,3.42,4.4,,
Nuno Mendes,Portugal,0.0,0.0,4.29,4.29,0.0,12.85,,
Oliver Christensen,Denmark,,,,,,,,
Olivier Giroud,France,4.0,0.0,0.0,0.21,0.21,9.12,,
Olivier Mbaizo,Cameroon,,,,,,,,
Olivier Ntcham,Cameroon,0.0,0.0,1.0,0.0,0.0,4.09,,
Orbelin Pineda,Mexico ,0.0,0.0,1.17,0.0,4.68,9.35,,
Oscar Duarte,Costa Rica,0.0,0.0,0.0,2.33,1.33,2.67,,
Osman Bukari,Ghana,1.0,0.0,2.0,0.0,1.55,3.1,,
Otavio,Portugal,0.0,0.0,,,,,,
Ousmane Dembele,France,0.0,2.0,3.9,0.62,2.47,5.75,,
Pablo Sarabia,Spain,0.0,0.0,,,,,,
Paik Seung-ho,South Korea,1.0,0.0,0.0,0.0,10.8,,,
Papa Abou Cisse,Senegal,0.0,0.0,0.88,1.76,0.0,4.41,,
Papa Gueye,Senegal,0.0,0.0,0.6,1.19,2.38,10.13,,
Pape Matar Sarr,Senegal,0.0,0.0,1.61,0.0,4.82,8.65,,
Pathe Ciss,Senegal,0.0,0.0,1.23,1.23,1.85,8.63,,
Patrick Sequeira,Costa Rica,,,,,,,,
Pau Torrres,Spain,0.0,0.0,0.0,0.0,0.0,1.0,,
Paulo Dybala,Argentina,0.0,0.0,5.62,0.0,,,,
Payam Niazmand,Iran,,,,,,,,
Pedri,Spain,0.0,0.0,2.02,1.01,1.01,3.53,,
Pedro,Brazil,0.0,0.0,0.0,1.45,2.9,14.51,,
Pedro Miguel,Qatar,0.0,0.0,1.03,2.74,2.05,6.51,,
Pepe,Portugal,1.0,0.0,0.25,1.5,1.25,7.25,,
Pervis Estupinan,Ecuador ,0.0,0.0,2.33,1.0,2.33,6.0,,
Phil Foden,England,1.0,2.0,1.39,0.35,0.35,4.86,,
Philipp Kohn,Switzerland,,,,,,,,
Piero Hincapie,Ecuador ,0.0,0.0,0.0,0.67,2.33,6.0,,
Pierre Kunde,Cameroon,0.0,0.0,0.0,2.67,2.67,4.67,,
Pierre-Emile Hojbjerg,Denmark,0.0,0.0,0.67,1.33,1.33,2.66,,
Piotr Zielinski,Poland ,1.0,0.0,0.82,0.27,1.91,2.73,,
Przemyslaw Frankowski,Poland ,0.0,0.0,0.74,1.12,2.6,5.95,,
Rafael Leao,Portugal,2.0,0.0,6.51,1.08,0.0,7.59,,
Raheem Sterling,England,1.0,1.0,1.81,0.6,0.6,4.22,,
Ramin Rezaeian,Iran,1.0,0.0,0.5,1.5,3.5,6.5,,
Randal Kolo Muani,France,1.0,0.0,3.5,0.5,3.5,16.5,,
Raphael Guerreiro,Portugal,1.0,2.0,0.65,0.97,0.97,3.23,,
Raphael Varane,France,0.0,0.0,0.17,1.04,0.17,1.9,,
Raphinha,Brazil,0.0,0.0,2.84,0.85,2.27,4.54,,
Rasmus Kristensen,Denmark,0.0,0.0,1.59,0.8,3.58,6.77,,
Raul Jimenez,Mexico ,0.0,0.0,0.0,1.61,0.0,11.25,,
Remko Pasveer,Netherlands ,,,,,,,,
Remo Freuler,Switzerland,1.0,0.0,0.56,0.83,2.22,3.34,,
Renato Steffen,Switzerland,0.0,0.0,2.81,0.0,0.0,2.81,,
Ricardo Horta,Portugal,1.0,0.0,0.0,0.76,1.53,2.29,,
Ricardo Rodriguez,Switzerland,0.0,0.0,0.0,0.0,1.5,7.0,,
Richarlison,Brazil,3.0,0.0,1.1,0.28,0.55,4.41,,
Richie Laryea,Canada,0.0,0.0,2.0,0.0,1.68,3.91,,
Riley McGree,Australia,0.0,1.0,0.0,1.67,0.67,2.0,,
Ritsu Doan,Japan,2.0,0.0,2.49,0.83,2.49,6.22,,
Roan Wilson,Costa Rica,0.0,0.0,0.0,0.0,0.0,0.0,,
Robert Arboleda,Ecuador ,,,,,,,,
Robert Gumny,Poland ,,,,,,,,
Robert Lewandowski,Poland ,2.0,1.0,2.75,0.5,0.75,12.5,,
Robert Sanchez,Spain,,,,,,,,
Robert Skov,Denmark,0.0,0.0,1.0,0.0,0.0,0.0,,
Roberto Alvarado,Mexico ,0.0,0.0,1.0,0.0,0.0,10.58,,
Rodolfo Cota,Mexico ,,,,,,,,
Rodri,Spain,0.0,0.0,0.0,0.69,1.15,8.77,,
Rodrigo Bentancur,Uruguay,0.0,0.0,2.1,2.94,3.79,11.35,,
Rodrigo De Paul,Argentina,0.0,0.0,0.6,1.05,1.79,4.64,,
Rodrygo,Brazil,0.0,1.0,3.02,1.01,2.01,5.53,,
Rogelio Funes Mori,Mexico ,0.0,0.0,0.0,0.0,,,,
Roman Saiss,Morocco ,0.0,0.0,0.19,0.58,0.77,3.47,,
Romario Ibarra,Ecuador ,0.0,0.0,0.5,1.32,0.0,1.32,,
Romelu Lukaku,Belgium,0.0,0.0,1.7,0.0,0.0,5.1,,
Ronald Araujo,Uruguay,,,,,,,,
Ronald Matarrita,Costa Rica,,,,,,,,
Rouzbeh Cheshmi,Iran,1.0,0.0,0.0,3.05,0.0,3.06,,
Ruben Dias,Portugal,0.0,0.0,0.0,0.75,0.75,3.75,,
Ruben Neves,Portugal,0.0,0.0,0.0,0.66,0.33,2.32,,
Ruben Vargas,Switzerland,0.0,1.0,1.56,0.31,0.0,3.13,,
Rubin Colwill,Wales,0.0,0.0,0.0,0.0,0.0,0.0,,
Rui Patricio,Portugal,,,,,,,,
Saad Al Sheeb,Qatar,,,,,,,,
Sadegh Moharrami,Iran,0.0,0.0,0.0,1.0,1.0,3.0,,
Saeid Ezatolahi,Iran,,,,,,,,
Saleh Al-Shehri,Saudi Arabia,1.0,0.0,0.8,0.0,1.2,8.0,,
Salem Al-Dawsari,Saudi Arabia,2.0,0.0,2.33,0.33,1.67,3.66,,
Salem Al-Hajri,Qatar,,,,,,,,
Salis Abdul Samed,Ghana,0.0,0.0,1.07,1.43,0.71,2.5,,
Salman Al-Faraj,Saudi Arabia,0.0,0.0,0.0,0.0,2.0,2.0,,
Sam Adekugbe,Canada,0.0,0.0,0.95,0.95,0.0,4.73,,
Saman Ghoddos,Iran,0.0,0.0,0.0,0.0,2.05,2.05,,
Sami Al-Najei,Saudi Arabia,0.0,0.0,0.0,0.0,0.0,0.0,,
Samuel Gouet,Cameroon,0.0,0.0,0.0,0.0,0.91,3.64,,
Samuel Piette,Canada,,,,,,,,
Sardar Azmoun,Iran,0.0,0.0,0.71,0.0,0.0,6.37,,
Sasa Lukic,Serbia,0.0,0.0,0.37,0.37,0.73,2.3,,
Saud Abdulhamid,Saudi Arabia,0.0,0.0,1.0,0.33,1.67,6.66,,
Sean Johnson,USA,,,,,,,,
Sebastian Coates,Uruguay,0.0,0.0,0.0,0.5,0.5,7.5,,
Sebastian Sosa,Uruguay,,,,,,,,
Sebastian Szymanski,Poland ,0.0,0.0,1.33,1.33,4.0,8.0,,
Seifeddine Jaziri,Tunisia,,,,,,,,
Selim Amallah,Morocco ,0.0,0.0,0.66,1.76,2.85,6.37,,
Seny Dieng,Senegal,,,,,,,,
Serge Gnabry,Germany,1.0,1.0,1.7,68.0,1.7,3.4,,
Sergej Milinkovic-Savic,Serbia,1.0,0.0,1.91,0.76,1.91,6.86,,
Sergio Busquets,Spain,0.0,0.0,0.25,0.25,1.73,6.68,,
Sergio Rochet,Uruguay,,,,,,,,
Sergiño Dest,USA,0.0,1.0,2.33,0.58,0.87,2.91,,
Shaq Moore,USA,0.0,0.0,0.0,0.0,9.0,18.0,,
Shogo Taniguchi,Japan,0.0,0.0,0.0,0.43,0.43,6.43,,
Shojae Khalilzadeh,Iran,,,,,,,,
Shuichi Gonda,Japan,,,,,,,,
Shuto Machino,Japan,,,,,,,,
Simon Kjaer,Denmark,0.0,0.0,0.0,6.92,0.0,8.3,,
Simon Mignolet,Belgium,,,,,,,,
Simon Ngapandouetnbu,Cameroon,,,,,,,,
Sofiane Boufal,Morocco ,0.0,0.0,4.11,0.37,1.87,8.03,,
Sofyan Amrabat,Morocco ,0.0,0.0,0.14,0.82,2.32,3.68,,
Son Heung-min,South Korea,0.0,1.0,3.25,0.5,1.25,3.5,,
Son Jun-ho,South Korea,0.0,0.0,0.0,3.91,3.91,3.91,,
Song Bum-keun,South Korea,,,,,,,,
Song Min-kyu,South Korea,,,,,,,,
Sorba Thomas,Wales,0.0,0.0,0.0,0.0,0.0,0.0,,
Souaibou Marou,Cameroon,,,,,,,,
Srdan Babic,Serbia,0.0,0.0,0.0,0.0,7.5,7.5,,
Stefan Mitrovic,Serbia,,,,,,,,
Stefan de Vrij,Netherlands ,,,,,,,,
Stephen Eustaquio,Canada,0.0,0.0,0.71,1.42,2.83,5.67,,
Steve Mandanda,France,,,,,,0.0,,
Steven Berghuis,Netherlands ,0.0,1.0,1.82,0.0,0.91,2.27,,
Steven Bergwijn,Netherlands ,0.0,0.0,0.84,0.0,0.42,2.09,,
Steven Vitória,Canada,0.0,0.0,0.0,0.0,1.33,5.66,,
Strahinja Erakovic,Serbia,,,,,,,,
Strahinja Pavlovic,Serbia,1.0,0.0,0.38,0.38,3.05,14.11,,
Sultan Al-Ghanam,Saudi Arabia,0.0,0.0,1.44,1.44,0.0,0.0,,
Szymon Zurkowski,Poland ,,,,,,,,
Taha Yassine Khenissi,Tunisia,0.0,0.0,0.0,0.0,0.0,3.33,,
Tajon Buchanan,Canada,0.0,1.0,6.21,1.03,0.34,5.17,,
Takehiro Tomiyasu,Japan,0.0,0.0,0.0,0.0,0.0,5.84,,
Takuma Asano,Japan,1.0,0.0,0.56,0.56,0.0,1.12,,
Takumi Minamino,Japan,0.0,0.0,1.61,0.0,3.21,3.21,,
Tarek Salman,Qatar,0.0,0.0,0.0,,,,,
Tariq Lamptey,Ghana,0.0,0.0,1.76,0.88,3.53,5.29,,
Teun Koopmeiners,Netherlands ,0.0,1.0,0.41,1.24,4.15,9.12,,
Theo Hernandez,France,1.0,2.0,0.35,0.71,2.83,8.68,,
Thiago Almada,Argentina,0.0,0.0,0.0,0.0,0.0,0.0,,
Thiago Silva,Brazil,0.0,1.0,0.0,1.15,0.69,4.15,,
Thibaut Courtois,Belgium,,,,,,,,
Thilo Kehrer,Germany,0.0,0.0,0.0,2.57,7.71,7.71,,
Thomas Delaney,Denmark,0.0,0.0,0.0,0.0,0.0,8.0,,
Thomas Deng,Australia,,,,,,,,
Thomas Meunier,Belgium,0.0,0.0,0.85,0.85,2.55,5.1,,
Thomas Muller,Germany,0.0,0.0,0.0,0.44,0.89,2.21,,
Thomas Partey,Ghana,0.0,0.0,0.67,0.0,3.0,8.33,,
Thorgan Hazard,Belgium,0.0,0.0,1.7,0.0,2.55,4.25,,
Tim Ream,USA,0.0,0.0,0.25,1.0,1.0,4.75,,
Tim Weah,USA,1.0,0.0,0.56,0.0,0.28,2.25,,
Timothy Castagne,Belgium,0.0,0.0,0.33,0.67,2.0,4.33,,
Toby Alderweireld,Belgium,0.0,1.0,0.0,0.0,1.33,2.0,,
Trent Alexander-Arnold,England,0.0,0.0,0.0,0.0,0.0,0.0,,
Tyler Adams,USA,0.0,0.0,0.25,1.0,2.25,6.25,,
Tyrell Malacia,Netherlands ,,,,,,,,
Unai Simon,Spain,,,,,,,,
Uriel Antuna,Mexico ,0.0,0.0,0.0,0.0,4.86,6.08,,
Uros Racic,Serbia,,,,,,,,
Vahid Amiri,Iran,,,,,,,,
Vanja Milinkovic-Savic,Serbia,,,,,,,,
Victor Nelsson,Denmark,0.0,0.0,0.0,2.0,0.0,10.0,,
Vincent Aboubakar,Cameroon,2.0,1.0,3.83,0.0,0.0,6.39,,
Vincent Janssen,Netherlands ,0.0,0.0,0.0,0.0,2.09,6.28,,
Vinicius Jr,Brazil,1.0,2.0,3.89,0.0,1.2,4.49,,
Virgil van Dijk,Netherlands ,0.0,0.0,0.0,0.75,0.38,9.0,,
Vitinha,Portugal,0.0,0.0,1.51,0.0,2.27,5.29,,
Wahbi Khazri,Tunisia,1.0,0.0,1.0,0.0,2.17,4.34,,
Wajdi Kechrida,Tunisia,0.0,0.0,3.3,0.0,2.48,4.96,,
Walid Cheddira,Morocco ,0.0,0.0,1.43,0.0,1.43,7.15,,
Walker Zimmerman,USA,0.0,0.0,0.0,1.29,0.97,6.15,,
Wataru Endo,Japan,0.0,0.0,0.89,0.89,2.38,10.69,,
Wayne Hennessey,Wales,,,,,,,,
Weston McKennie,USA,0.0,0.0,0.65,0.0,0.65,3.6,,
Weverton,Brazil,,,,,,,,
William Carvalho,Portugal,0.0,0.0,0.0,0.0,2.51,6.69,,
William Pacho,Ecuador ,,,,,,,,
William Saliba,France,0.0,0.0,3.33,0.0,0.0,6.67,,
Wojciech Szczesny,Poland ,,,,,,,,
Wout Faes,Belgium,,,,,,,,
Wout Weghorst,Netherlands ,2.0,0.0,0.0,0.0,0.0,4.43,,
Xavi Simons,Netherlands ,0.0,0.0,0.0,12.86,0.0,,,
Xavier Arreaga,Ecuador ,,,,,,,,
Xherdan Shaqiri,Switzerland,1.0,1.0,0.78,0.0,0.0,3.12,,
Yahia Attiyat Allah,Morocco ,0.0,1.0,0.29,0.0,1.15,2.01,,
Yahya Jabrane,Morocco ,0.0,0.0,0.0,0.0,0.0,0.0,,
Yann Sommer,Switzerland,,,,,,,,
Yannick Carrasco,Belgium,0.0,0.0,2.29,0.76,3.81,6.1,,
Yasser Al-Shahrani,Saudi Arabia,0.0,0.0,0.0,6.0,3.0,3.0,,
Yassine Bounou,Morocco ,,,,,,0.64,,
Yassine Meriah,Tunisia,,,,,,,,
Yeltsin Tejeda,Costa Rica,1.0,1.0,33.0,0.33,1.33,4.66,,
Yeremy Pino,Spain,,,,,,,,
Yoon Jong-gyu,South Korea,,,,,,,,
Youri Tielemans,Belgium,0.0,0.0,0.0,1.91,2.87,7.65,,
Yousef Hassan,Qatar,,,,,,,,
Youssef En-Nesyri,Morocco ,2.0,0.0,1.15,0.16,0.66,8.23,,
Youssef Msakni,Tunisia,0.0,0.0,2.65,0.0,1.59,9.0,,
Youssouf Fofana,France,0.0,0.0,0.8,1.21,3.21,5.22,,
Youssouf Sabaly,Senegal,0.0,0.0,1.25,1.0,1.5,7.5,,
Youssoufa Moukoko,Germany,0.0,0.0,0.0,0.0,0.0,0.0,,
Youstin Salas,Costa Rica,,,,,,,,
Yuki Soma,Japan,0.0,0.0,2.2,0.0,2.2,6.59,,
Yunus Musah,USA,0.0,0.0,,,,,,
Yussuf Yurary Poulsen,Denmark,,,,,,,,
Yuto Nagatomo,Japan,0.0,0.0,1.69,0.0,1.69,3.8,,
Zakaria Aboukhlal,Morocco ,1.0,0.0,1.23,1.23,0.0,4.94,,
Zeno Debast,Belgium,,,,,,,,
